{
  "version": 1,
  "size": {
    "x": 32,
    "y": 64
  },
  "license": "CC-BY-SA-3.0",
  "copyright": "Created by jaraten (Discord) for CrystallPunk14",
  "states": [
    {
      "name": "wood0",
      "directions": 4
    },
    {
      "name": "wood1",
      "directions": 4
    },
    {
      "name": "wood2",	
      "directions": 4
    },
    {
      "name": "wood3",
      "directions": 4
    },
    {
      "name": "wood4",
      "directions": 4
    },
    {
      "name": "wood5",
      "directions": 4
    },
    {
      "name": "wood6",
      "directions": 4
    },
    {
      "name": "wood7",
      "directions": 4
    },
    {
      "name": "full"
    }
  ]
}
